fixation,seen,depth
1,0.3484,0.3484
2,0.6338,0.6338
3,0.9217,0.9217
4,1.2167,1.2167
5,1.5221,1.5221
6,1.8163,1.8163
7,2.1093,2.1093
8,2.4004,2.4004
9,2.6901,2.6901
10,2.9879,2.9879
11,3.2815,3.2815
12,3.5732,3.5723
13,3.8658,3.8658
14,4.1575,4.1575
15,4.4499,4.4499
16,4.7414,4.7392
17,5.0337,5.0314
18,5.3294,5.3272
19,5.6260,5.6238
20,5.9185,5.9162
21,6.2103,6.2080
22,6.5050,6.5028
23,6.8000,6.7977
24,7.0952,7.0929
25,7.3884,7.3861
26,7.6718,7.6695
27,7.9595,7.9572
28,8.2586,8.2563
29,8.5523,8.5500
30,8.8545,8.8522
31,9.1465,9.1443
32,9.4415,9.4392
33,9.7289,9.7266
34,10.0241,10.0219
35,10.3231,10.3208
36,10.6207,10.6185
37,10.9108,10.9085
38,11.1982,11.1959
39,11.4964,11.4942
40,11.7918,11.7895
41,12.0860,12.0837
42,12.3779,12.3756
43,12.6693,12.6671
44,12.9647,12.9625
45,13.2651,13.2629
46,13.5672,13.5649
47,13.8607,13.8585
48,14.1520,14.1498
49,14.4488,14.4465
50,14.7389,14.7333
51,15.0307,15.0235
52,15.3218,15.2811
53,15.6126,15.5088
54,15.9025,15.7859
55,16.1956,16.0724
56,16.4839,16.3511
57,16.7340,16.6043
58,16.9626,16.8322
59,17.2506,17.1189
60,17.5458,17.4140
61,17.8349,17.6801
62,18.1281,17.9628
63,18.4209,18.2534
64,18.7152,18.5500
65,19.0061,18.8408
66,19.2500,19.0847
67,19.4572,19.2919
68,19.5972,19.4320
69,19.9409,19.7756
70,20.2355,20.0702
71,20.5292,20.3639
72,20.8240,20.6588
73,21.1148,20.9495
74,21.4066,21.2414
75,21.7018,21.5365
76,21.9996,21.8344
77,22.2934,22.1281
78,22.6006,22.3699
79,22.8938,22.6413
80,23.1854,22.8675
81,23.4818,23.1154
82,23.7762,23.4098
83,24.0740,23.7076
84,24.3641,23.9977
85,24.6520,24.2856
86,24.9429,24.5765
87,25.2369,24.8706
88,25.5297,25.1573
89,25.8282,25.4557
90,26.1141,25.7354
91,26.4129,26.0342
92,26.6799,26.3011
93,26.9550,26.5763
94,27.1832,26.8014
95,27.3478,26.9660
96,27.5166,27.1319
97,27.7041,27.3187
98,27.9899,27.6060
99,28.2002,27.8126
100,28.4789,28.0912
101,28.7674,28.3798
102,29.0579,28.6703
103,29.3496,28.9599
104,29.6410,29.2512
105,29.9344,29.5447
106,30.2231,29.8333
107,30.5230,30.1333
108,30.8101,30.4203
109,31.1027,30.7129
110,31.3944,31.0047
111,31.6786,31.2888
112,31.9747,31.5850
113,32.2648,31.8750
114,32.5582,32.1684
115,32.8519,32.4621
116,33.1462,32.7564
117,33.4339,33.0441
118,33.6904,33.3006
119,33.9263,33.5366
120,34.1660,33.7762
121,34.4535,34.0638
122,34.7494,34.3596
123,35.0398,34.6501
124,35.3288,34.9391
125,35.6245,35.2348
126,35.9144,35.5247
127,36.2089,35.8192
128,36.4980,36.1082
129,36.7935,36.4038
130,37.0870,36.6972
131,37.3756,36.9858
132,37.6643,37.2745
133,37.9565,37.5668
134,38.2534,37.8636
135,38.5480,38.1583
136,38.8427,38.4529
137,39.1364,38.7466
138,39.4338,39.0440
139,39.7302,39.3405
140,40.0237,39.6339
141,40.2565,39.8668
142,40.4708,40.0811
143,40.6760,40.2862
144,40.8225,40.4327
145,41.1646,40.7749
146,41.4573,41.0676
147,41.7575,41.3677
148,42.0507,41.6609
149,42.3471,41.9574
150,42.6106,42.2208
151,42.8425,42.4527
152,43.1368,42.7471
153,43.4283,43.0330
154,43.7201,43.3234
155,44.0129,43.6162
156,44.3051,43.9083
157,44.5940,44.1973
158,44.8873,44.4906
159,45.1787,44.7808
160,45.4727,45.0748
161,45.7700,45.3721
162,46.0170,45.6191
163,46.2626,45.8648
164,46.5546,46.1568
165,46.8465,46.4487
166,47.1402,46.7424
167,47.4340,47.0362
168,47.7239,47.3261
169,48.0175,47.6197
170,48.2915,47.8937
171,48.5807,48.1828
172,48.8590,48.4611
173,49.1478,48.7499
174,49.4310,49.0262
175,49.6627,49.2603
176,49.8902,49.4442
177,50.1679,49.7219
178,50.4582,49.9976
179,50.6172,50.1566
180,50.8284,50.3678
181,51.0210,50.5605
182,51.1452,50.6826
183,51.2424,50.7798
184,51.5872,51.1246
185,51.8807,51.4181
186,52.1713,51.7087
187,52.4603,51.9977
188,52.7531,52.2905
189,53.0313,52.5687
190,53.3159,52.8533
191,53.6058,53.1432
192,53.9055,53.4429
193,54.1090,53.6465
194,54.2674,53.8048
195,54.6171,54.1085
196,54.9096,54.4009
197,55.2038,54.6952
198,55.4771,54.9684
199,55.7676,55.2590
200,56.0629,55.5543
201,56.2940,55.7854
202,56.4562,55.9476
203,56.5970,56.0884
204,56.7280,56.2214
205,57.0777,56.5079
206,57.3710,56.7740
207,57.6604,57.0368
208,57.9570,57.3214
209,58.1986,57.5529
210,58.4928,57.8322
211,58.7873,58.1266
212,59.0785,58.4132
213,59.3598,58.7014
214,59.6497,58.9913
215,59.9429,59.2844
216,60.2378,59.5639
217,60.4618,59.8022
218,60.5590,59.9014
219,60.9084,60.2508
220,61.2021,60.5445
221,61.4918,60.8342
222,61.7862,61.1286
223,62.0589,61.3949
224,62.2953,61.6376
225,62.5838,61.9257
226,62.8736,62.2156
227,63.1661,62.5081
228,63.4100,62.7519
229,63.6334,62.9753
230,63.7445,63.0865
231,63.8569,63.2000
232,63.9487,63.2917
233,64.1931,63.5362
234,64.4665,63.8095
235,64.5835,63.9265
236,64.9319,64.2749
237,65.2225,64.5656
238,65.5169,64.8600
239,65.8112,65.1542
240,66.0724,65.3719
241,66.3661,65.6462
242,66.5537,65.8337
243,66.6559,65.9360
244,67.0025,66.2825
245,67.2974,66.5775
246,67.5545,66.8345
247,67.8178,67.0978
248,68.0549,67.3350
249,68.3407,67.6110
250,68.6400,67.9005
251,68.8720,68.1182
252,69.1603,68.3484
253,69.4428,68.5889
254,69.7361,68.8978
255,70.0293,69.1812
256,70.3178,69.4643
257,70.5553,69.7007
258,70.7070,69.8464
259,70.8465,69.9964
260,71.1963,70.3462
261,71.4643,70.6142
262,71.5927,70.7426
263,71.7040,70.8539
264,71.9447,71.0945
265,72.1344,71.2843
266,72.3331,71.4830
267,72.5759,71.7258
268,72.7316,71.8814
269,72.8819,72.0318
270,73.0377,72.1876
271,73.1389,72.2887
272,73.4894,72.6392
273,73.7345,72.8844
274,73.9748,73.1246
275,74.1610,73.3109
276,74.5123,73.6622
277,74.8031,73.9530
278,74.9970,74.1469
279,75.1836,74.3335
280,75.4433,74.5932
281,75.7228,74.8605
282,75.9784,75.0894
283,76.2367,75.3437
284,76.4986,75.5990
285,76.6466,75.7513
286,76.9942,76.0989
287,77.1656,76.2702
288,77.3031,76.4078
289,77.4406,76.5453
290,77.5758,76.6805
291,77.7543,76.8590
292,77.9524,77.0571
293,78.1549,77.2595
294,78.3465,77.4512
295,78.5602,77.6649
296,78.7339,77.8386
297,78.8733,77.9780
298,79.2226,78.3273
299,79.4916,78.5962
300,79.6179,78.7226
301,79.9688,79.0735
302,80.1268,79.2314
303,80.2807,79.3853
304,80.3923,79.4970
305,80.4866,79.5913
306,80.8195,79.9242
307,81.0159,80.1206
308,81.3623,80.4619
309,81.5613,80.6438
310,81.7245,80.8222
311,81.8186,80.9150
312,81.9399,81.0701
313,82.2762,81.4041
314,82.4674,81.5953
315,82.6568,81.7847
316,82.8189,81.9468
317,82.9061,82.0339
318,83.0367,82.1646
319,83.3682,82.4960
320,83.5287,82.6565
321,83.6578,82.7857
322,83.7794,82.9073
323,83.9258,83.0537
324,84.0302,83.1580
325,84.1540,83.2819
326,84.2807,83.4086
327,84.6305,83.7584
328,84.8066,83.9345
329,84.9115,84.0394
330,85.1941,84.3220
331,85.3763,84.5041
332,85.6188,84.7467
333,85.7969,84.9248
334,85.9242,85.0521
335,86.2580,85.3859
336,86.3995,85.5273
337,86.6986,85.8265
338,86.8154,85.9433
339,86.9933,86.1212
340,87.0874,86.2153
341,87.3920,86.5198
342,87.5847,86.7126
343,87.8608,86.9887
344,87.9749,87.1028
345,88.2122,87.3401
346,88.3726,87.5067
347,88.4637,87.6117
348,88.5668,87.7167
349,88.8713,88.0017
350,88.9623,88.0997
351,89.1928,88.3302
352,89.3735,88.5109
353,89.5027,88.6401
354,89.6764,88.8138
355,89.8023,88.9449
356,89.9786,89.1212
357,90.1731,89.3157
358,90.2335,89.3761
359,90.4069,89.5495
360,90.5786,89.7212
361,90.7457,89.8883
362,90.8846,90.0272
363,91.0032,90.1458
364,91.1580,90.3006
365,91.2959,90.4386
366,91.3432,90.4858
367,91.4924,90.6302
368,91.5439,90.6816
369,91.6292,90.7669
370,91.6970,90.8347
371,91.7828,90.9206
372,91.8756,91.0133
373,91.9731,91.1108
374,92.0816,91.2120
375,92.1777,91.3082
376,92.2440,91.3745
377,92.3457,91.4845
378,92.4413,91.5801
379,92.4969,91.6502
380,92.6185,91.7718
381,92.7393,91.8757
382,92.8324,91.9688
383,92.9009,92.0425
384,92.9976,92.1604
385,93.0553,92.2181
386,93.1473,92.3101
387,93.2184,92.3812
388,93.2933,92.4561
389,93.3679,92.5307
390,93.4124,92.5752
391,93.5173,92.6824
392,93.6044,92.7695
393,93.6885,92.8638
394,93.7767,92.9521
395,93.8384,93.0138
396,93.9220,93.0974
397,94.0060,93.1814
398,94.0840,93.2594
399,94.1643,93.3396
400,94.2220,93.3951
401,94.2944,93.4725
402,94.3749,93.5573
403,94.4522,93.6417
404,94.5053,93.6947
405,94.5729,93.7624
406,94.6272,93.8167
407,94.6759,93.8654
408,94.7464,93.9592
409,94.8107,94.0250
410,94.8590,94.0733
411,94.9197,94.1380
412,94.9888,94.2072
413,95.0494,94.2677
414,95.0850,94.3034
415,95.1393,94.3577
416,95.1926,94.3722
417,95.2580,94.4376
418,95.3060,94.4856
419,95.3620,94.5417
420,95.4101,94.5897
421,95.4648,94.6444
422,95.5181,94.6978
423,95.5644,94.7440
424,95.6105,94.7901
425,95.6558,94.8354
426,95.7034,94.8830
427,95.7335,94.9131
428,95.7690,94.9486
429,95.8156,94.9952
430,95.8682,95.0478
431,95.9213,95.0980
432,95.9669,95.1437
433,96.0203,95.1971
434,96.0754,95.2522
435,96.1263,95.3306
436,96.1722,95.3765
437,96.2175,95.4218
438,96.2631,95.4674
439,96.3050,95.5092
440,96.3449,95.5492
441,96.3905,95.5948
442,96.4293,95.6335
443,96.4680,95.6766
444,96.5258,95.7343
445,96.5554,95.7640
446,96.5915,95.8001
447,96.6272,95.8389
448,96.6629,95.8746
449,96.7052,95.9169
450,96.7435,95.9650
451,96.7774,95.9988
452,96.8133,96.0746
453,96.8467,96.1080
454,96.8771,96.1404
455,96.9098,96.1731
456,96.9384,96.2017
457,96.9698,96.2235
458,97.0062,96.2598
459,97.0328,96.2695
460,97.0710,96.3077
461,97.1190,96.3557
462,97.1519,96.3886
463,97.1822,96.4189
464,97.2125,96.4492
465,97.2428,96.4794
466,97.2765,96.5132
467,97.3061,96.5428
468,97.3446,96.5813
469,97.3734,96.6101
470,97.4039,96.6406
471,97.4319,96.6766
472,97.4599,96.7141
473,97.4914,96.7456
474,97.5211,96.7753
475,97.5480,96.8022
476,97.5795,96.8337
477,97.6058,96.8600
478,97.6318,96.8861
479,97.6577,96.9152
480,97.6835,96.9420
481,97.7092,96.9677
482,97.7345,96.9930
483,97.7618,97.0203
484,97.7880,97.0464
485,97.8122,97.0707
486,97.8446,97.1030
487,97.8685,97.1270
488,97.8925,97.1510
489,97.9186,97.1770
490,97.9416,97.2001
491,97.9645,97.2230
492,97.9872,97.2457
493,98.0096,97.2681
494,98.0320,97.2904
495,98.0542,97.3127
496,98.0809,97.3394
497,98.1027,97.3612
498,98.1245,97.3830
499,98.1463,97.4047
500,98.1680,97.4265
501,98.1897,97.4481
502,98.2111,97.4696
503,98.2369,97.4954
504,98.2724,97.5309
505,98.2958,97.5543
506,98.3167,97.5752
507,98.3392,97.5993
508,98.3808,97.6409
509,98.4012,97.6706
510,98.4214,97.6919
511,98.4402,97.7107
512,98.4598,97.7303
513,98.4794,97.7499
514,98.4988,97.7693
515,98.5181,97.7887
516,98.5396,97.8101
517,98.5587,97.8292
518,98.5776,97.8493
519,98.5983,97.8721
520,98.6167,97.8906
521,98.6350,97.9088
522,98.6570,97.9308
523,98.6744,97.9482
524,98.7080,97.9836
525,98.7251,98.0007
526,98.7418,98.0175
527,98.7585,98.0341
528,98.7751,98.0508
529,98.7916,98.0673
530,98.8099,98.0856
531,98.8264,98.1020
532,98.8464,98.1221
533,98.8625,98.1381
534,98.8784,98.1541
535,98.8943,98.1700
536,98.9100,98.1856
537,98.9253,98.2010
538,98.9406,98.2163
539,98.9557,98.2313
540,98.9752,98.2508
541,98.9901,98.2664
542,99.0049,98.2811
